id,name,type,github,size_csv,size_zip,url
f5wm-j9xr,Hurricane Helene Road Closures,dataset,True,0.0035,0.0016,https://internal.chattadata.org/api/views/f5wm-j9xr/rows.csv?accessType=DOWNLOAD
4g94-wzrv,311 Flood Calls - Helene,filter,True,0.0019,0.0011,https://internal.chattadata.org/api/views/4g94-wzrv/rows.csv?accessType=DOWNLOAD
5ts3-ay5h,911 Flood Calls - Helene,filter,True,0.0036,0.0013,https://internal.chattadata.org/api/views/5ts3-ay5h/rows.csv?accessType=DOWNLOAD
jibm-c9er,NIBRS Offense Types,dataset,True,0.0037,0.0012,https://internal.chattadata.org/api/views/jibm-c9er/rows.csv?accessType=DOWNLOAD
irvm-m7ed,Home-ARP Household Types Aggregate,dataset,True,0.0001,0.0002,https://internal.chattadata.org/api/views/irvm-m7ed/rows.csv?accessType=DOWNLOAD
xbzk-qmke,Home-ARP Race Aggregate,dataset,True,0.0001,0.0002,https://internal.chattadata.org/api/views/xbzk-qmke/rows.csv?accessType=DOWNLOAD
pcix-2n4p,Home-ARP QP Aggregate,dataset,True,0.0001,0.0002,https://internal.chattadata.org/api/views/pcix-2n4p/rows.csv?accessType=DOWNLOAD
tb7b-wx4v,"Point In Time (PIT) Count, 2019-2024",dataset,True,0.0001,0.0002,https://internal.chattadata.org/api/views/tb7b-wx4v/rows.csv?accessType=DOWNLOAD
9wm8-rxme,Downtown Business Improvement District,dataset,True,0.0019,0.001,https://internal.chattadata.org/api/views/9wm8-rxme/rows.csv?accessType=DOWNLOAD
bm9k-fh8k,fresh-food,dataset,True,0.0056,0.0018,https://internal.chattadata.org/api/views/bm9k-fh8k/rows.csv?accessType=DOWNLOAD
dxzz-idjy,Neighborhood Association Boundaries,dataset,True,0.1397,0.0415,https://internal.chattadata.org/api/views/dxzz-idjy/rows.csv?accessType=DOWNLOAD
5576-p28s,Select General Ledger Activity,dataset,True,0.0445,0.0043,https://internal.chattadata.org/api/views/5576-p28s/rows.csv?accessType=DOWNLOAD
afmb-42h3,Home-ARP IDIS Numeric Aggregates,dataset,True,0.0002,0.0003,https://internal.chattadata.org/api/views/afmb-42h3/rows.csv?accessType=DOWNLOAD
84m2-rzct,OHSH Ages 2023,dataset,True,0.0001,0.0002,https://internal.chattadata.org/api/views/84m2-rzct/rows.csv?accessType=DOWNLOAD
8fai-rkxz,OHSH Dashboard Data,dataset,True,0.001,0.0005,https://internal.chattadata.org/api/views/8fai-rkxz/rows.csv?accessType=DOWNLOAD
gfmi-e2jm,OCHS Events,dataset,True,1.386,0.0991,https://internal.chattadata.org/api/views/gfmi-e2jm/rows.csv?accessType=DOWNLOAD
nejd-62ty,Public 311 Odor Complaints,filter,True,0.2795,0.0398,https://internal.chattadata.org/api/views/nejd-62ty/rows.csv?accessType=DOWNLOAD
rave-tp8x,Pedestrian Incidents from Vehicle Incidents,filter,True,0.1834,0.0316,https://internal.chattadata.org/api/views/rave-tp8x/rows.csv?accessType=DOWNLOAD
tqjy-2yx2,County Health Rankings 2023,dataset,True,0.0747,0.0269,https://internal.chattadata.org/api/views/tqjy-2yx2/rows.csv?accessType=DOWNLOAD
3sp5-63hh,Chattanooga Vacant Parcels,filter,True,9.028,2.3003,https://internal.chattadata.org/api/views/3sp5-63hh/rows.csv?accessType=DOWNLOAD
7iks-gmi9,Air Quality Monitors,dataset,False,702.1411,134.5855,https://internal.chattadata.org/api/views/7iks-gmi9/rows.csv?accessType=DOWNLOAD
uwtt-ptgf,Public Library In-House Use Year to Year,dataset,True,0.0113,0.0015,https://internal.chattadata.org/api/views/uwtt-ptgf/rows.csv?accessType=DOWNLOAD
x6i8-rstq,Public Library Circulation Year to Year,dataset,True,0.0147,0.0021,https://internal.chattadata.org/api/views/x6i8-rstq/rows.csv?accessType=DOWNLOAD
b3de-5ta3,Public Library Items Owned,dataset,True,0.0187,0.0021,https://internal.chattadata.org/api/views/b3de-5ta3/rows.csv?accessType=DOWNLOAD
tb7t-h85x,Public Library Website,dataset,True,0.0012,0.0005,https://internal.chattadata.org/api/views/tb7t-h85x/rows.csv?accessType=DOWNLOAD
scen-y53z,Public Library Borrower Demographic,dataset,True,0.0049,0.001,https://internal.chattadata.org/api/views/scen-y53z/rows.csv?accessType=DOWNLOAD
wd6c-k3hv,Public Library In-House Use by Branch,dataset,True,0.0319,0.003,https://internal.chattadata.org/api/views/wd6c-k3hv/rows.csv?accessType=DOWNLOAD
g2gk-49x3,Public Library Programming by Branch,dataset,True,0.0075,0.0012,https://internal.chattadata.org/api/views/g2gk-49x3/rows.csv?accessType=DOWNLOAD
32qn-8zx7,Public Library Circulation by Branch,dataset,True,0.0377,0.0039,https://internal.chattadata.org/api/views/32qn-8zx7/rows.csv?accessType=DOWNLOAD
5t2x-jnde,Current City Council Districts,dataset,True,1.6655,0.6235,https://internal.chattadata.org/api/views/5t2x-jnde/rows.csv?accessType=DOWNLOAD
3gj8-3ijm,TN Child Care,dataset,True,0.4054,0.0741,https://internal.chattadata.org/api/views/3gj8-3ijm/rows.csv?accessType=DOWNLOAD
6yym-j4ji,Chattanooga Redistricting - New Districts,dataset,True,0.5484,0.1453,https://internal.chattadata.org/api/views/6yym-j4ji/rows.csv?accessType=DOWNLOAD
gmm6-4z4q,Property Tax and Water Quality Fees,filter,True,212.0296,44.5038,https://internal.chattadata.org/api/views/gmm6-4z4q/rows.csv?accessType=DOWNLOAD
ki68-5ydk,Fleet Work Orders,filter,True,86.5734,14.8132,https://internal.chattadata.org/api/views/ki68-5ydk/rows.csv?accessType=DOWNLOAD
fkhr-7vhi,Census 2020 Block Populations by City Council District,dataset,True,3.8818,1.0627,https://internal.chattadata.org/api/views/fkhr-7vhi/rows.csv?accessType=DOWNLOAD
b2ve-phfq,Census 2020 Block Populations - Hamilton County Only,filter,True,8.7328,2.4423,https://internal.chattadata.org/api/views/b2ve-phfq/rows.csv?accessType=DOWNLOAD
8xgj-4yp7,Census 2020 Places Populations,dataset,True,9.2912,2.472,https://internal.chattadata.org/api/views/8xgj-4yp7/rows.csv?accessType=DOWNLOAD
pikg-56jb,Census 2020 Tract Populations,dataset,True,30.7892,8.327,https://internal.chattadata.org/api/views/pikg-56jb/rows.csv?accessType=DOWNLOAD
n92z-qpyq,Census 2020 Block Group Populations,dataset,True,49.8862,13.5398,https://internal.chattadata.org/api/views/n92z-qpyq/rows.csv?accessType=DOWNLOAD
px4f-jvhm,Census 2020 Block Populations,dataset,False,360.5616,98.5358,https://internal.chattadata.org/api/views/px4f-jvhm/rows.csv?accessType=DOWNLOAD
pwqr-g8dj,Capital Project Details,filter,True,0.3291,0.1004,https://internal.chattadata.org/api/views/pwqr-g8dj/rows.csv?accessType=DOWNLOAD
mnmi-tnpy,Capital Budget,filter,True,0.1376,0.021,https://internal.chattadata.org/api/views/mnmi-tnpy/rows.csv?accessType=DOWNLOAD
4gk4-yecq,Operating Expenses,filter,True,2.3769,0.14,https://internal.chattadata.org/api/views/4gk4-yecq/rows.csv?accessType=DOWNLOAD
mh8a-8ugb,Operating Revenues,filter,True,0.1551,0.0192,https://internal.chattadata.org/api/views/mh8a-8ugb/rows.csv?accessType=DOWNLOAD
q2g4-sexh,Chattanooga Parcel Reassessment and Tax Impact,filter,True,45.8255,13.2218,https://internal.chattadata.org/api/views/q2g4-sexh/rows.csv?accessType=DOWNLOAD
dyxv-5tva,First 100 Days Tracker,filter,True,0.0295,0.01,https://internal.chattadata.org/api/views/dyxv-5tva/rows.csv?accessType=DOWNLOAD
6rc8-ux89,Granicus Boards and Commissions - Public View,filter,True,0.045,0.0052,https://internal.chattadata.org/api/views/6rc8-ux89/rows.csv?accessType=DOWNLOAD
xmi8-dktb,Hamilton County Zip Codes by Age - 2019 ACS,dataset,True,0.0027,0.0014,https://internal.chattadata.org/api/views/xmi8-dktb/rows.csv?accessType=DOWNLOAD
knvv-iqqk,First 100 Days Tracker,filter,True,0.0343,0.0121,https://internal.chattadata.org/api/views/knvv-iqqk/rows.csv?accessType=DOWNLOAD
izcq-5s4b,"CDC PLACES: Hamilton County Census Tract Data, 2020 Release",dataset,True,0.0488,0.0145,https://internal.chattadata.org/api/views/izcq-5s4b/rows.csv?accessType=DOWNLOAD
n6u4-ufwx,CARTA Routes - GTFS,dataset,True,1.9232,0.3526,https://internal.chattadata.org/api/views/n6u4-ufwx/rows.csv?accessType=DOWNLOAD
wgkk-k6um,Preliminary Housing Locations,dataset,True,0.0058,0.0018,https://internal.chattadata.org/api/views/wgkk-k6um/rows.csv?accessType=DOWNLOAD
kvme-7avr,THRIVE Regional CBG,dataset,True,0.814,0.2492,https://internal.chattadata.org/api/views/kvme-7avr/rows.csv?accessType=DOWNLOAD
xxm3-xbeq,Four State Census Block Groups,dataset,True,21.303,7.0606,https://internal.chattadata.org/api/views/xxm3-xbeq/rows.csv?accessType=DOWNLOAD
23yp-ig2k,THRIVE Region Census Block Groups,dataset,True,0.814,0.2514,https://internal.chattadata.org/api/views/23yp-ig2k/rows.csv?accessType=DOWNLOAD
8zpt-8xs5,TDH Vaccine County Age Groups Census Aggregated 85+,dataset,True,45.7006,4.2706,https://internal.chattadata.org/api/views/8zpt-8xs5/rows.csv?accessType=DOWNLOAD
w96c-2m54,Habitat For Humanity Houses,dataset,True,0.0241,0.0082,https://internal.chattadata.org/api/views/w96c-2m54/rows.csv?accessType=DOWNLOAD
2yfe-nzw5,Hamilton County 2020 Census Blocks,dataset,True,8.3758,2.1861,https://internal.chattadata.org/api/views/2yfe-nzw5/rows.csv?accessType=DOWNLOAD
smb5-msar,Hamilton County 2020 Census Tracts,dataset,True,1.0588,0.2631,https://internal.chattadata.org/api/views/smb5-msar/rows.csv?accessType=DOWNLOAD
9s24-ev5q,Hamilton County 2020 Census Block Groups,dataset,True,1.783,0.4214,https://internal.chattadata.org/api/views/9s24-ev5q/rows.csv?accessType=DOWNLOAD
khdy-zhbc,Automated Job Log View With Time,filter,True,10.3918,1.5182,https://internal.chattadata.org/api/views/khdy-zhbc/rows.csv?accessType=DOWNLOAD
rxi2-hh7w,Form Based Code Boundary,dataset,True,0.0396,0.0091,https://internal.chattadata.org/api/views/rxi2-hh7w/rows.csv?accessType=DOWNLOAD
uk73-wbxr,Parcel Zoning,dataset,True,66.7379,15.946,https://internal.chattadata.org/api/views/uk73-wbxr/rows.csv?accessType=DOWNLOAD
bm5f-jd5q,Sewer Subbasin Zip Codes,dataset,True,0.0954,0.0259,https://internal.chattadata.org/api/views/bm5f-jd5q/rows.csv?accessType=DOWNLOAD
npsx-m3tp,Sewer Subbasins,dataset,True,0.5019,0.1115,https://internal.chattadata.org/api/views/npsx-m3tp/rows.csv?accessType=DOWNLOAD
jjgr-pgwd,CARTA GTFS stops,dataset,True,0.0423,0.0138,https://internal.chattadata.org/api/views/jjgr-pgwd/rows.csv?accessType=DOWNLOAD
4giv-dvmp,TDH Vaccine County Age Groups Census,dataset,True,51.3898,8.7904,https://internal.chattadata.org/api/views/4giv-dvmp/rows.csv?accessType=DOWNLOAD
dcfe-eupw,TDH Vaccine County Age Groups,dataset,True,26.3888,4.6251,https://internal.chattadata.org/api/views/dcfe-eupw/rows.csv?accessType=DOWNLOAD
g7gx-66zx,"HCHD Cases by Race, Ethnicity, Sex - TDH Format",dataset,True,0.4092,0.0582,https://internal.chattadata.org/api/views/g7gx-66zx/rows.csv?accessType=DOWNLOAD
nqdu-isfz,HCHD Cases by Age - TDH Format,dataset,True,0.3326,0.0513,https://internal.chattadata.org/api/views/nqdu-isfz/rows.csv?accessType=DOWNLOAD
4qjh-fdm6,Asset Row Count Checker,dataset,True,197.8048,4.9167,https://internal.chattadata.org/api/views/4qjh-fdm6/rows.csv?accessType=DOWNLOAD
75qm-cvv5,TN Counties COVID-19 Vaccination Demographics,dataset,True,43.007,5.863,https://internal.chattadata.org/api/views/75qm-cvv5/rows.csv?accessType=DOWNLOAD
knby-a5yh,311 Service Requests - Trip Hazards,filter,True,0.0418,0.0141,https://internal.chattadata.org/api/views/knby-a5yh/rows.csv?accessType=DOWNLOAD
emem-r94k,FY2022 City of Chattanooga Budget Public Input Zoom Participants,filter,True,0.0139,0.0012,https://internal.chattadata.org/api/views/emem-r94k/rows.csv?accessType=DOWNLOAD
4xc2-5sba,HCHD COVID Website Data - Zip Codes,dataset,False,1103.6023,246.249,https://internal.chattadata.org/api/views/4xc2-5sba/rows.csv?accessType=DOWNLOAD
jun6-cstd,HCHD COVID Website Data,dataset,True,0.1534,0.0392,https://internal.chattadata.org/api/views/jun6-cstd/rows.csv?accessType=DOWNLOAD
mb3s-t2pi,FY2022 Budget Public Input Results,dataset,True,0.235,0.0309,https://internal.chattadata.org/api/views/mb3s-t2pi/rows.csv?accessType=DOWNLOAD
syga-i7wg,TN Health Department COVID Data - MMWR Week Case Count,dataset,True,7.5544,1.0159,https://internal.chattadata.org/api/views/syga-i7wg/rows.csv?accessType=DOWNLOAD
q45v-dttq,TN Health Department COVID Data - Cases 5 - 18 Years Old,dataset,True,5.9094,0.9175,https://internal.chattadata.org/api/views/q45v-dttq/rows.csv?accessType=DOWNLOAD
q6y2-66pb,TN Health Department COVID Data - Daily Case Information,dataset,True,0.1681,0.0706,https://internal.chattadata.org/api/views/q6y2-66pb/rows.csv?accessType=DOWNLOAD
5fnn-ha4k,TN Health Department COVID Data - County New,dataset,True,15.3373,4.9799,https://internal.chattadata.org/api/views/5fnn-ha4k/rows.csv?accessType=DOWNLOAD
4k6b-3jbf,TN Health Department COVID Data - Age by County,dataset,True,27.89,3.9347,https://internal.chattadata.org/api/views/4k6b-3jbf/rows.csv?accessType=DOWNLOAD
nuzd-6jme,TN Counties COVID-19 Vaccinations,dataset,True,3.688,1.0762,https://internal.chattadata.org/api/views/nuzd-6jme/rows.csv?accessType=DOWNLOAD
9e4d-87h4,Fire Prevention Districts,dataset,True,0.0496,0.0139,https://internal.chattadata.org/api/views/9e4d-87h4/rows.csv?accessType=DOWNLOAD
3h57-aq4d,Street Cuts Since Oct 2020,filter,True,1.4935,0.2544,https://internal.chattadata.org/api/views/3h57-aq4d/rows.csv?accessType=DOWNLOAD
buuu-z4kd,Street Cut Permits,filter,True,5.6054,0.8451,https://internal.chattadata.org/api/views/buuu-z4kd/rows.csv?accessType=DOWNLOAD
py3r-wj4t,COVID County Risk Level,dataset,True,195.5048,31.4849,https://internal.chattadata.org/api/views/py3r-wj4t/rows.csv?accessType=DOWNLOAD
p2hx-we5c,Fire Risk Score - 2019 Fires,dataset,True,9.479,2.3151,https://internal.chattadata.org/api/views/p2hx-we5c/rows.csv?accessType=DOWNLOAD
xqhz-y4ia,HCDE School Zones - ESRI,dataset,True,1.351,0.3579,https://internal.chattadata.org/api/views/xqhz-y4ia/rows.csv?accessType=DOWNLOAD
c72g-ksjy,HCDE Zones - Zones,dataset,True,1.2307,0.2188,https://internal.chattadata.org/api/views/c72g-ksjy/rows.csv?accessType=DOWNLOAD
n3e8-wf76,HCDE Zones - StreetType,dataset,True,0.0005,0.0005,https://internal.chattadata.org/api/views/n3e8-wf76/rows.csv?accessType=DOWNLOAD
8c7r-yciv,HCDE Zones - Schools,dataset,True,0.006,0.0022,https://internal.chattadata.org/api/views/8c7r-yciv/rows.csv?accessType=DOWNLOAD
99v2-xr5x,Hamilton County Railroad Crossings,dataset,True,0.3573,0.0574,https://internal.chattadata.org/api/views/99v2-xr5x/rows.csv?accessType=DOWNLOAD
nkjc-a8ee,SVI Index Hamilton County,filter,True,0.1667,0.0322,https://internal.chattadata.org/api/views/nkjc-a8ee/rows.csv?accessType=DOWNLOAD
vuy2-5wei,Places of Worship,filter,True,0.0576,0.0195,https://internal.chattadata.org/api/views/vuy2-5wei/rows.csv?accessType=DOWNLOAD
762i-i9ee,Testing Locations,dataset,True,0.0009,0.0006,https://internal.chattadata.org/api/views/762i-i9ee/rows.csv?accessType=DOWNLOAD
wnzx-spb3,Permits - Permitted to is Blank,filter,True,66.1848,17.5664,https://internal.chattadata.org/api/views/wnzx-spb3/rows.csv?accessType=DOWNLOAD
xzqj-6tew,Permits - Permitted to Owner,filter,True,0.5658,0.1427,https://internal.chattadata.org/api/views/xzqj-6tew/rows.csv?accessType=DOWNLOAD
fsiz-ya8k,Permits - Permitted to Contractor,filter,True,2.3541,0.5604,https://internal.chattadata.org/api/views/fsiz-ya8k/rows.csv?accessType=DOWNLOAD
hin7-689s,City Court Citations,filter,True,19.3333,3.1814,https://internal.chattadata.org/api/views/hin7-689s/rows.csv?accessType=DOWNLOAD
y5qr-gke5,Biased Based Policing Overview,dataset,True,0.0797,0.0223,https://internal.chattadata.org/api/views/y5qr-gke5/rows.csv?accessType=DOWNLOAD
pzwn-f2mv,View based on 311 Service Requests,filter,True,0.9915,0.2516,https://internal.chattadata.org/api/views/pzwn-f2mv/rows.csv?accessType=DOWNLOAD
ipfu-n8y7,Internal Affairs Allegations - Public,filter,True,0.0491,0.0063,https://internal.chattadata.org/api/views/ipfu-n8y7/rows.csv?accessType=DOWNLOAD
vqes-iras,Internal Affairs Incidents Detailed - Public,filter,True,1.9517,0.3383,https://internal.chattadata.org/api/views/vqes-iras/rows.csv?accessType=DOWNLOAD
najs-wv89,Internal Affairs Incidents - Public,filter,True,0.598,0.0991,https://internal.chattadata.org/api/views/najs-wv89/rows.csv?accessType=DOWNLOAD
y2bw-hkax,Tennessee Social Vulnerability Index,dataset,True,5.947,1.3659,https://internal.chattadata.org/api/views/y2bw-hkax/rows.csv?accessType=DOWNLOAD
764y-vxm2,All Permit Data,filter,True,69.4924,18.6135,https://internal.chattadata.org/api/views/764y-vxm2/rows.csv?accessType=DOWNLOAD
8qb9-5fja,311 Service Requests,filter,False,415.1357,89.7327,https://internal.chattadata.org/api/views/8qb9-5fja/rows.csv?accessType=DOWNLOAD
vcwc-f3gy,Census Response Rate by Tract,dataset,True,79.0135,21.4554,https://internal.chattadata.org/api/views/vcwc-f3gy/rows.csv?accessType=DOWNLOAD
ydpe-tdbn,Census Response Rates by City,dataset,True,180.437,30.8684,https://internal.chattadata.org/api/views/ydpe-tdbn/rows.csv?accessType=DOWNLOAD
kntn-ff4j,Hamilton County Zip Code Populations,dataset,True,0.168,0.049,https://internal.chattadata.org/api/views/kntn-ff4j/rows.csv?accessType=DOWNLOAD
fedh-4gj4,Hamilton County Cases by Zip Code,dataset,True,87.5158,21.599,https://internal.chattadata.org/api/views/fedh-4gj4/rows.csv?accessType=DOWNLOAD
89n8-dwxx,Hamilton County Health Department COVID-19 Data,dataset,True,0.003,0.0002,https://internal.chattadata.org/api/views/89n8-dwxx/rows.csv?accessType=DOWNLOAD
kckf-yycs,Unique Locations,filter,True,1.3674,0.392,https://internal.chattadata.org/api/views/kckf-yycs/rows.csv?accessType=DOWNLOAD
6v8k-2rhk,SafeGraph POI Visitor Count,dataset,True,243.5263,18.2864,https://internal.chattadata.org/api/views/6v8k-2rhk/rows.csv?accessType=DOWNLOAD
7axh-k8jh,Street Resurfacing,dataset,True,52.9252,7.005,https://internal.chattadata.org/api/views/7axh-k8jh/rows.csv?accessType=DOWNLOAD
hx9e-czkb,Census Tract Unemployment Rate 2013 - 2018,dataset,True,0.7066,0.1632,https://internal.chattadata.org/api/views/hx9e-czkb/rows.csv?accessType=DOWNLOAD
k66t-kwyr,Capital Project Phases Dataset - Staging,dataset,True,0.0009,0.0006,https://internal.chattadata.org/api/views/k66t-kwyr/rows.csv?accessType=DOWNLOAD
k7u5-cfs3,Intersections,dataset,True,0.367,0.0945,https://internal.chattadata.org/api/views/k7u5-cfs3/rows.csv?accessType=DOWNLOAD
9kb7-bs9r,TDOT Traffic Counts,dataset,True,3.3471,1.3252,https://internal.chattadata.org/api/views/9kb7-bs9r/rows.csv?accessType=DOWNLOAD
mw3f-d2mz,Chattanooga Roadways,dataset,True,7.17,1.7519,https://internal.chattadata.org/api/views/mw3f-d2mz/rows.csv?accessType=DOWNLOAD
wpvr-vy57,TN COVID Testing Sites,dataset,True,0.1158,0.0202,https://internal.chattadata.org/api/views/wpvr-vy57/rows.csv?accessType=DOWNLOAD
278j-tz4u,Tornado Hex Map Data,dataset,True,0.0755,0.0122,https://internal.chattadata.org/api/views/278j-tz4u/rows.csv?accessType=DOWNLOAD
snjw-gh5d,April 12th Tornado Path,dataset,True,0.0133,0.0058,https://internal.chattadata.org/api/views/snjw-gh5d/rows.csv?accessType=DOWNLOAD
79t8-mn8i,Solid Waste and Recycling Website Data,dataset,True,0.0018,0.0007,https://internal.chattadata.org/api/views/79t8-mn8i/rows.csv?accessType=DOWNLOAD
shbf-b3mv,Human Resources Turnover and Actives - Public,filter,True,65.468,6.4423,https://internal.chattadata.org/api/views/shbf-b3mv/rows.csv?accessType=DOWNLOAD
uips-daya,Blanket Purchase Orders,filter,True,0.1255,0.0329,https://internal.chattadata.org/api/views/uips-daya/rows.csv?accessType=DOWNLOAD
dswu-uwj7,Invoices with Payments,filter,True,117.906,28.7863,https://internal.chattadata.org/api/views/dswu-uwj7/rows.csv?accessType=DOWNLOAD
s9jb-zdxn,Purchasing Requisitions,filter,True,31.8587,5.5584,https://internal.chattadata.org/api/views/s9jb-zdxn/rows.csv?accessType=DOWNLOAD
jm6x-m38m,Outdoor Chattanooga Users Map,filter,True,1.8535,0.5558,https://internal.chattadata.org/api/views/jm6x-m38m/rows.csv?accessType=DOWNLOAD
hr34-nqkq,Outdoor Chattanooga Users,dataset,True,24.6874,5.524,https://internal.chattadata.org/api/views/hr34-nqkq/rows.csv?accessType=DOWNLOAD
hr82-ynje,Activity Participation,dataset,True,0.0423,0.0074,https://internal.chattadata.org/api/views/hr82-ynje/rows.csv?accessType=DOWNLOAD
xuy2-h3f3,CDOT Traffic Volume: Daily Totals,filter,True,28.5536,2.8421,https://internal.chattadata.org/api/views/xuy2-h3f3/rows.csv?accessType=DOWNLOAD
fpgh-69ti,CDOT Vehicle Detection,filter,False,4333.5379,312.8198,https://internal.chattadata.org/api/views/fpgh-69ti/rows.csv?accessType=DOWNLOAD
tdq7-y7yk,Open Checkbook Distributions,dataset,False,429.6119,89.042,https://internal.chattadata.org/api/views/tdq7-y7yk/rows.csv?accessType=DOWNLOAD
5sa9-tb97,Hamilton County Block Group Populations - 2018,dataset,True,1.7471,0.47,https://internal.chattadata.org/api/views/5sa9-tb97/rows.csv?accessType=DOWNLOAD
9nhv-8ufr,Capital Projects Geom,dataset,True,0.0025,0.001,https://internal.chattadata.org/api/views/9nhv-8ufr/rows.csv?accessType=DOWNLOAD
e54z-qvid,Capital Project Explorer Staging Data,dataset,True,0.0063,0.0024,https://internal.chattadata.org/api/views/e54z-qvid/rows.csv?accessType=DOWNLOAD
hhdc-a448,Public CPD Arrests,filter,True,9.8497,1.8862,https://internal.chattadata.org/api/views/hhdc-a448/rows.csv?accessType=DOWNLOAD
v9y9-uavb,Public CPD Arrest Charges,filter,True,24.1928,3.817,https://internal.chattadata.org/api/views/v9y9-uavb/rows.csv?accessType=DOWNLOAD
b8kj-tfr6,Hamilton County Census Tract Population - 2018 ACS Five Year,dataset,True,0.1154,0.0284,https://internal.chattadata.org/api/views/b8kj-tfr6/rows.csv?accessType=DOWNLOAD
ekst-e8w7,2021 Budget Public Input Responses,dataset,True,0.1449,0.0314,https://internal.chattadata.org/api/views/ekst-e8w7/rows.csv?accessType=DOWNLOAD
8hcn-svpq,BLS Data,dataset,True,0.4291,0.0367,https://internal.chattadata.org/api/views/8hcn-svpq/rows.csv?accessType=DOWNLOAD
auia-u263,Code Enforcement - Activities - Simplified,filter,True,188.7378,25.8553,https://internal.chattadata.org/api/views/auia-u263/rows.csv?accessType=DOWNLOAD
cn8m-xnfj,Hamilton County Census Tracts - 2010,dataset,True,0.0912,0.0248,https://internal.chattadata.org/api/views/cn8m-xnfj/rows.csv?accessType=DOWNLOAD
wumz-uiv5,CPD Districts,dataset,True,1.4953,0.3158,https://internal.chattadata.org/api/views/wumz-uiv5/rows.csv?accessType=DOWNLOAD
ki5n-4muk,EPB Form 477: June 2018,dataset,True,8.3685,2.0637,https://internal.chattadata.org/api/views/ki5n-4muk/rows.csv?accessType=DOWNLOAD
krf4-kjew,City Health Dashboard Cities,dataset,True,0.0004,0.0004,https://internal.chattadata.org/api/views/krf4-kjew/rows.csv?accessType=DOWNLOAD
uuvh-i2z5,YFD Centers,dataset,True,0.0062,0.002,https://internal.chattadata.org/api/views/uuvh-i2z5/rows.csv?accessType=DOWNLOAD
mzwv-ezqk,2019 Permit Inspections,filter,True,6.5421,1.4575,https://internal.chattadata.org/api/views/mzwv-ezqk/rows.csv?accessType=DOWNLOAD
an5k-bh4m,Bias Incidents,dataset,True,0.0607,0.0139,https://internal.chattadata.org/api/views/an5k-bh4m/rows.csv?accessType=DOWNLOAD
vcxk-xv79,NoogaNet Map,dataset,True,0.0117,0.0054,https://internal.chattadata.org/api/views/vcxk-xv79/rows.csv?accessType=DOWNLOAD
w6zx-ub6x,2017 ACS 5-Year Age Group Statistics,dataset,True,0.1031,0.0265,https://internal.chattadata.org/api/views/w6zx-ub6x/rows.csv?accessType=DOWNLOAD
muia-kb9e,Pedestrian Incidents,dataset,True,0.0033,0.0007,https://internal.chattadata.org/api/views/muia-kb9e/rows.csv?accessType=DOWNLOAD
htwq-mawx,Percent of Income Spent on Housing - 2017,dataset,True,0.117,0.0315,https://internal.chattadata.org/api/views/htwq-mawx/rows.csv?accessType=DOWNLOAD
biep-kjnx,Chattanooga Historic Red Lining,dataset,True,0.0527,0.0176,https://internal.chattadata.org/api/views/biep-kjnx/rows.csv?accessType=DOWNLOAD
554y-yh3t,Chattanooga Per Capita Income - 2017,dataset,True,0.1176,0.0313,https://internal.chattadata.org/api/views/554y-yh3t/rows.csv?accessType=DOWNLOAD
aw9c-abm6,Insurance Demographic Data,dataset,True,0.1183,0.0321,https://internal.chattadata.org/api/views/aw9c-abm6/rows.csv?accessType=DOWNLOAD
g7ci-gcse,Neighborhood Aggregate Sidewalk Data,dataset,True,0.2139,0.055,https://internal.chattadata.org/api/views/g7ci-gcse/rows.csv?accessType=DOWNLOAD
2suh-fj28,Building Fire Incidents,filter,True,0.8597,0.2191,https://internal.chattadata.org/api/views/2suh-fj28/rows.csv?accessType=DOWNLOAD
86rs-z3xb,Chattanooga City Parcels - City Owned,filter,True,1.1221,0.2587,https://internal.chattadata.org/api/views/86rs-z3xb/rows.csv?accessType=DOWNLOAD
ckws-yz9f,HUD Cases by Zip Code,dataset,True,0.5654,0.151,https://internal.chattadata.org/api/views/ckws-yz9f/rows.csv?accessType=DOWNLOAD
kwzr-kyn5,Chattanooga Area Zip Codes,dataset,True,0.6047,0.1633,https://internal.chattadata.org/api/views/kwzr-kyn5/rows.csv?accessType=DOWNLOAD
wnex-iuna,Revised Hamilton County TN Filed Cases 2014-2019,dataset,True,0.015,0.0021,https://internal.chattadata.org/api/views/wnex-iuna/rows.csv?accessType=DOWNLOAD
8xsr-dg5w,2010 Census - Owner Occupied Households,dataset,True,0.0934,0.0258,https://internal.chattadata.org/api/views/8xsr-dg5w/rows.csv?accessType=DOWNLOAD
jbgb-wrqe,2010 Census - Percent Poverty,dataset,True,0.0925,0.0255,https://internal.chattadata.org/api/views/jbgb-wrqe/rows.csv?accessType=DOWNLOAD
4ihs-gvk2,2010 Census Population,dataset,True,0.0949,0.0268,https://internal.chattadata.org/api/views/4ihs-gvk2/rows.csv?accessType=DOWNLOAD
3jq9-a5da,2017 5 Year Race Ethnicity,dataset,True,0.1136,0.0296,https://internal.chattadata.org/api/views/3jq9-a5da/rows.csv?accessType=DOWNLOAD
ufw3-p78c,5 Year Census Tract Poverty,dataset,True,0.193,0.0564,https://internal.chattadata.org/api/views/ufw3-p78c/rows.csv?accessType=DOWNLOAD
s4xe-kvgq,5-Year Census Tract Public Transit Needs,dataset,True,0.1918,0.0514,https://internal.chattadata.org/api/views/s4xe-kvgq/rows.csv?accessType=DOWNLOAD
nxzc-mwfk,2017 5 Year ACS GINI Economic Inequality Index,dataset,True,0.0969,0.0235,https://internal.chattadata.org/api/views/nxzc-mwfk/rows.csv?accessType=DOWNLOAD
x2j6-k4kc,Neighborhood Associations,dataset,True,0.2099,0.0561,https://internal.chattadata.org/api/views/x2j6-k4kc/rows.csv?accessType=DOWNLOAD
2x73-xesh,311 Service Requests Potholes and Distressed Pavement,filter,True,7.3094,1.7807,https://internal.chattadata.org/api/views/2x73-xesh/rows.csv?accessType=DOWNLOAD
byza-h5fh,2017 5 Year Female Head of Family,dataset,True,0.104,0.0272,https://internal.chattadata.org/api/views/byza-h5fh/rows.csv?accessType=DOWNLOAD
72y2-hz7g,2017 5 Year Housing Age,dataset,True,0.105,0.0277,https://internal.chattadata.org/api/views/72y2-hz7g/rows.csv?accessType=DOWNLOAD
n7qs-sa9u,2017 5-Year English as Second Language,dataset,True,0.1104,0.0279,https://internal.chattadata.org/api/views/n7qs-sa9u/rows.csv?accessType=DOWNLOAD
ak44-qdtk,Housing Types,dataset,True,0.0998,0.0247,https://internal.chattadata.org/api/views/ak44-qdtk/rows.csv?accessType=DOWNLOAD
i68g-hwuq,Long Term Vacancy Estimate,dataset,True,0.1014,0.0252,https://internal.chattadata.org/api/views/i68g-hwuq/rows.csv?accessType=DOWNLOAD
vaxm-5kb2,2017 5-Year Occupancy Status,dataset,True,0.1169,0.0316,https://internal.chattadata.org/api/views/vaxm-5kb2/rows.csv?accessType=DOWNLOAD
a6v7-yt5t,Building Assessor Raw Data,filter,True,23.799,4.2537,https://internal.chattadata.org/api/views/a6v7-yt5t/rows.csv?accessType=DOWNLOAD
fik7-5xve,Publicly Owned Sidewalks,filter,True,13.2105,4.3414,https://internal.chattadata.org/api/views/fik7-5xve/rows.csv?accessType=DOWNLOAD
ksvc-aknw,Sidewalks,filter,True,39.1712,12.8791,https://internal.chattadata.org/api/views/ksvc-aknw/rows.csv?accessType=DOWNLOAD
v525-tnap,Aggregate Daily Views and Downloads,filter,True,0.0273,0.009,https://internal.chattadata.org/api/views/v525-tnap/rows.csv?accessType=DOWNLOAD
57if-qqpd,Sidewalk 311 Service Requests,filter,True,0.9305,0.2395,https://internal.chattadata.org/api/views/57if-qqpd/rows.csv?accessType=DOWNLOAD
fkir-6ve6,Community Survey Results,filter,True,9.412,1.1282,https://internal.chattadata.org/api/views/fkir-6ve6/rows.csv?accessType=DOWNLOAD
cebh-s6qa,Commuting Data - ACS 2017,filter,True,0.1171,0.0304,https://internal.chattadata.org/api/views/cebh-s6qa/rows.csv?accessType=DOWNLOAD
r6f3-mrpv,Public Assistance - ACS 2017,filter,True,0.1174,0.0282,https://internal.chattadata.org/api/views/r6f3-mrpv/rows.csv?accessType=DOWNLOAD
va9a-e2c7,Insured Population Data - 2017 ACS,filter,True,0.1158,0.0297,https://internal.chattadata.org/api/views/va9a-e2c7/rows.csv?accessType=DOWNLOAD
t6h3-v5ms,Library Circulation,filter,True,0.0007,0.0004,https://internal.chattadata.org/api/views/t6h3-v5ms/rows.csv?accessType=DOWNLOAD
9bt2-qpfs,Rent and Household Income Data - 2017 ACS,filter,True,0.1209,0.0317,https://internal.chattadata.org/api/views/9bt2-qpfs/rows.csv?accessType=DOWNLOAD
seyr-2szy,View based on 2017 Tract Population - Education,filter,True,0.1189,0.0327,https://internal.chattadata.org/api/views/seyr-2szy/rows.csv?accessType=DOWNLOAD
cytm-bx8h,Violent Crime Data,filter,True,3.4725,0.637,https://internal.chattadata.org/api/views/cytm-bx8h/rows.csv?accessType=DOWNLOAD
9sad-9wyu,All Part 1 Property Crimes,filter,True,21.1816,3.6173,https://internal.chattadata.org/api/views/9sad-9wyu/rows.csv?accessType=DOWNLOAD
6pei-jkvh,Fire Responses Between 7 and 20 Minutes,filter,True,18.2757,4.2031,https://internal.chattadata.org/api/views/6pei-jkvh/rows.csv?accessType=DOWNLOAD
6wfi-272h,FY19 Fire Responses Less than 10 Minutes,filter,True,5.2504,1.1643,https://internal.chattadata.org/api/views/6wfi-272h/rows.csv?accessType=DOWNLOAD
jvkg-79ss,Police Incident Data,filter,True,134.2083,22.7563,https://internal.chattadata.org/api/views/jvkg-79ss/rows.csv?accessType=DOWNLOAD
x796-g6sv,Percent receiving food stamps or SNAP - 2017,filter,True,0.1154,0.0293,https://internal.chattadata.org/api/views/x796-g6sv/rows.csv?accessType=DOWNLOAD
tseh-t6yi,Percent Below Poverty Level - 2017,filter,True,0.117,0.0298,https://internal.chattadata.org/api/views/tseh-t6yi/rows.csv?accessType=DOWNLOAD
sy4s-bm9d,Solid Waste and Recycling,filter,True,0.0156,0.0071,https://internal.chattadata.org/api/views/sy4s-bm9d/rows.csv?accessType=DOWNLOAD
trui-8987,YFD Reservations,filter,True,0.2129,0.0273,https://internal.chattadata.org/api/views/trui-8987/rows.csv?accessType=DOWNLOAD
m4dy-emdj,Bike Chattanooga Stations,filter,True,0.0042,0.0015,https://internal.chattadata.org/api/views/m4dy-emdj/rows.csv?accessType=DOWNLOAD
bcsf-zcb7,Chattanooga City Parcels,filter,True,70.6346,18.8629,https://internal.chattadata.org/api/views/bcsf-zcb7/rows.csv?accessType=DOWNLOAD
y67m-pif9,Domestic Violence Count - ChattaData,filter,True,0.0012,0.0005,https://internal.chattadata.org/api/views/y67m-pif9/rows.csv?accessType=DOWNLOAD
tdrg-39c4,Bike Chattanooga Trip Data,filter,True,105.7808,9.9298,https://internal.chattadata.org/api/views/tdrg-39c4/rows.csv?accessType=DOWNLOAD
q5b3-5r7s,Code Enforcement - Cases,filter,True,44.0875,10.0342,https://internal.chattadata.org/api/views/q5b3-5r7s/rows.csv?accessType=DOWNLOAD
9qm3-xbc6,Code Violation - Letters,filter,True,12.8743,3.0143,https://internal.chattadata.org/api/views/9qm3-xbc6/rows.csv?accessType=DOWNLOAD
br4j-7khg,Pedestrian Involved Vehicle Incidents,filter,True,0.1746,0.0327,https://internal.chattadata.org/api/views/br4j-7khg/rows.csv?accessType=DOWNLOAD
eypk-ats6,Business Licenses,filter,True,4.7165,1.2788,https://internal.chattadata.org/api/views/eypk-ats6/rows.csv?accessType=DOWNLOAD
2snu-hywf,Work Orders,filter,True,113.6505,20.9719,https://internal.chattadata.org/api/views/2snu-hywf/rows.csv?accessType=DOWNLOAD
7zv3-vhiz,Sidewalk Work Orders,filter,True,0.347,0.054,https://internal.chattadata.org/api/views/7zv3-vhiz/rows.csv?accessType=DOWNLOAD
th6b-88wc,City Court Citations Detailed,filter,True,66.5833,9.8877,https://internal.chattadata.org/api/views/th6b-88wc/rows.csv?accessType=DOWNLOAD
5dtg-25r9,Fire Incidents Detailed,filter,False,244.6123,50.5485,https://internal.chattadata.org/api/views/5dtg-25r9/rows.csv?accessType=DOWNLOAD
mpms-yy3n,Fire Incidents,filter,True,105.2181,23.4379,https://internal.chattadata.org/api/views/mpms-yy3n/rows.csv?accessType=DOWNLOAD
qcrz-rvw7,Code Enforcement - Violations,filter,True,119.7845,15.6606,https://internal.chattadata.org/api/views/qcrz-rvw7/rows.csv?accessType=DOWNLOAD
x3fy-9pn5,Code Enforcement - Activities,filter,False,301.1978,51.7842,https://internal.chattadata.org/api/views/x3fy-9pn5/rows.csv?accessType=DOWNLOAD
v7br-pci3,All Permit Data,filter,True,69.319,14.0603,https://internal.chattadata.org/api/views/v7br-pci3/rows.csv?accessType=DOWNLOAD
wk5k-ripj,Activity Visit Report Internal View,filter,True,12.6668,1.1191,https://internal.chattadata.org/api/views/wk5k-ripj/rows.csv?accessType=DOWNLOAD
9k2q-y5ba,All Permit Inspections,filter,True,92.4197,16.9934,https://internal.chattadata.org/api/views/9k2q-y5ba/rows.csv?accessType=DOWNLOAD
nvdi-c4tt,Vehicle Incidents,filter,True,22.941,3.8783,https://internal.chattadata.org/api/views/nvdi-c4tt/rows.csv?accessType=DOWNLOAD
p4aj-jtcf,Garbage Collection Days,dataset,True,0.9959,0.3696,https://internal.chattadata.org/api/views/p4aj-jtcf/rows.csv?accessType=DOWNLOAD
4kxc-jcw5,Road Closures,dataset,True,0.0213,0.0074,https://internal.chattadata.org/api/views/4kxc-jcw5/rows.csv?accessType=DOWNLOAD
k7eh-65x3,311 Service Requests,filter,False,415.13,73.7223,https://internal.chattadata.org/api/views/k7eh-65x3/rows.csv?accessType=DOWNLOAD
v868-x5mt,Traffic Flow by Day of Week and Time,filter,True,0.0585,0.0088,https://internal.chattadata.org/api/views/v868-x5mt/rows.csv?accessType=DOWNLOAD
55g4-zatm,Traffic Flow by Month,filter,True,0.014,0.0023,https://internal.chattadata.org/api/views/55g4-zatm/rows.csv?accessType=DOWNLOAD
uuky-tt6g,Jams by Month,filter,True,0.0022,0.0008,https://internal.chattadata.org/api/views/uuky-tt6g/rows.csv?accessType=DOWNLOAD
cged-2r5q,Asset Inventory Views,dataset,False,1417.0594,277.635,https://internal.chattadata.org/api/views/cged-2r5q/rows.csv?accessType=DOWNLOAD
75ap-66ba,Automated Job Log View,filter,True,10.055,1.6041,https://internal.chattadata.org/api/views/75ap-66ba/rows.csv?accessType=DOWNLOAD
8k2v-wnqr,Income by Education Level 2011 - 2017,dataset,True,0.0017,0.0005,https://internal.chattadata.org/api/views/8k2v-wnqr/rows.csv?accessType=DOWNLOAD
dshm-tehy,Per Capita Chattanooga Income - Race,dataset,True,0.0006,0.0003,https://internal.chattadata.org/api/views/dshm-tehy/rows.csv?accessType=DOWNLOAD
83sk-wbar,Median Chattanooga Income - Sex,dataset,True,0.0004,0.0003,https://internal.chattadata.org/api/views/83sk-wbar/rows.csv?accessType=DOWNLOAD
3nc2-xvnc,Median Income by Tract - Year and Sex,dataset,True,0.0327,0.0068,https://internal.chattadata.org/api/views/3nc2-xvnc/rows.csv?accessType=DOWNLOAD
wcga-a8fn,2017 Median Household Income,dataset,True,0.1171,0.0277,https://internal.chattadata.org/api/views/wcga-a8fn/rows.csv?accessType=DOWNLOAD
5q2k-p4vn,2017 Median Income,dataset,True,0.1165,0.0314,https://internal.chattadata.org/api/views/5q2k-p4vn/rows.csv?accessType=DOWNLOAD
pf8p-8vpk,Reference Map,dataset,True,0.1153,0.0302,https://internal.chattadata.org/api/views/pf8p-8vpk/rows.csv?accessType=DOWNLOAD
7gqk-pvww,2017 Tracts - Median Household Income,dataset,True,0.1156,0.0292,https://internal.chattadata.org/api/views/7gqk-pvww/rows.csv?accessType=DOWNLOAD
syxf-r9dw,2017 Tract Population - Age Simplified,dataset,True,0.1201,0.0334,https://internal.chattadata.org/api/views/syxf-r9dw/rows.csv?accessType=DOWNLOAD
86ca-vrnb,2017 Tracts - Households With Mortgage Debt,dataset,True,0.1154,0.0291,https://internal.chattadata.org/api/views/86ca-vrnb/rows.csv?accessType=DOWNLOAD
7pcc-rpwf,Affordability Index,dataset,True,0.1153,0.0269,https://internal.chattadata.org/api/views/7pcc-rpwf/rows.csv?accessType=DOWNLOAD
jzcr-gkvp,2017 Unemployment Rate by Census Tract,dataset,True,0.1154,0.0294,https://internal.chattadata.org/api/views/jzcr-gkvp/rows.csv?accessType=DOWNLOAD
piit-fzp3,2017 Tract households,dataset,True,0.1161,0.0318,https://internal.chattadata.org/api/views/piit-fzp3/rows.csv?accessType=DOWNLOAD
uhpu-wauq,2017 Tract Population - Occupation,dataset,True,0.1193,0.0336,https://internal.chattadata.org/api/views/uhpu-wauq/rows.csv?accessType=DOWNLOAD
w4j8-ucsa,2017 Tract Population - Education,dataset,True,0.1194,0.033,https://internal.chattadata.org/api/views/w4j8-ucsa/rows.csv?accessType=DOWNLOAD
76ez-duss,2017 Tract Population - Age,dataset,True,0.1205,0.0341,https://internal.chattadata.org/api/views/76ez-duss/rows.csv?accessType=DOWNLOAD
d7h5-3vgw,2017 Tract Population - Race,dataset,True,0.1173,0.0322,https://internal.chattadata.org/api/views/d7h5-3vgw/rows.csv?accessType=DOWNLOAD
u4eg-etxc,2017 Tract Population - Sex,dataset,True,0.1174,0.0298,https://internal.chattadata.org/api/views/u4eg-etxc/rows.csv?accessType=DOWNLOAD
dgsp-v6q5,2017 Tract Population - Total and Undergrad,dataset,True,0.1161,0.0308,https://internal.chattadata.org/api/views/dgsp-v6q5/rows.csv?accessType=DOWNLOAD
8n32-gy8t,Hamilton County Population by Tract - 2017,dataset,True,0.1154,0.0305,https://internal.chattadata.org/api/views/8n32-gy8t/rows.csv?accessType=DOWNLOAD
f5z4-nvb3,City Council (old),dataset,True,1.6655,0.6215,https://internal.chattadata.org/api/views/f5z4-nvb3/rows.csv?accessType=DOWNLOAD
k9jt-wbpw,City Limits,dataset,True,0.9736,0.3592,https://internal.chattadata.org/api/views/k9jt-wbpw/rows.csv?accessType=DOWNLOAD
b6e4-mshe,Census Tracts - 2010,dataset,True,1.1635,0.3949,https://internal.chattadata.org/api/views/b6e4-mshe/rows.csv?accessType=DOWNLOAD
bpck-gczu,Urban Overlay,dataset,True,0.0158,0.0067,https://internal.chattadata.org/api/views/bpck-gczu/rows.csv?accessType=DOWNLOAD
tt2c-jxsb,Flood Zones,dataset,True,28.6655,10.0692,https://internal.chattadata.org/api/views/tt2c-jxsb/rows.csv?accessType=DOWNLOAD
hvxf-4ntd,Child Care Providers,dataset,True,0.0276,0.0074,https://internal.chattadata.org/api/views/hvxf-4ntd/rows.csv?accessType=DOWNLOAD
si7b-v7a4,Pass Visit Report,dataset,True,39.6813,4.858,https://internal.chattadata.org/api/views/si7b-v7a4/rows.csv?accessType=DOWNLOAD
fg88-myy3,City Parcels,dataset,True,70.6346,18.6285,https://internal.chattadata.org/api/views/fg88-myy3/rows.csv?accessType=DOWNLOAD
gk9n-mqtx,Fire Station Locations,dataset,True,0.0019,0.0009,https://internal.chattadata.org/api/views/gk9n-mqtx/rows.csv?accessType=DOWNLOAD
fjtr-97wy,Sewer Gravity Mains,dataset,True,0.1492,0.032,https://internal.chattadata.org/api/views/fjtr-97wy/rows.csv?accessType=DOWNLOAD
n9pr-zghw,Sewer Manholes,dataset,True,0.0133,0.0034,https://internal.chattadata.org/api/views/n9pr-zghw/rows.csv?accessType=DOWNLOAD
9kst-dpjg,Sewer Network Structures,dataset,True,1.3021,0.2206,https://internal.chattadata.org/api/views/9kst-dpjg/rows.csv?accessType=DOWNLOAD
y6s9-mauk,Sewer Control Valves,dataset,True,0.0765,0.0153,https://internal.chattadata.org/api/views/y6s9-mauk/rows.csv?accessType=DOWNLOAD
xpaf-j7w6,Sewer Gravity Mains,dataset,True,23.5678,5.8965,https://internal.chattadata.org/api/views/xpaf-j7w6/rows.csv?accessType=DOWNLOAD
d4yh-2nsm,Sewer Pump Stations,dataset,True,0.0942,0.0256,https://internal.chattadata.org/api/views/d4yh-2nsm/rows.csv?accessType=DOWNLOAD
7cp4-5cwh,Sewer Pressurized Mains,dataset,True,0.2315,0.0604,https://internal.chattadata.org/api/views/7cp4-5cwh/rows.csv?accessType=DOWNLOAD
xb5t-7aue,Sewer Manholes,dataset,True,13.5618,3.2747,https://internal.chattadata.org/api/views/xb5t-7aue/rows.csv?accessType=DOWNLOAD
pwgy-mq59,Council,dataset,True,1.4642,0.526,https://internal.chattadata.org/api/views/pwgy-mq59/rows.csv?accessType=DOWNLOAD
vfqp-r2uu,ZipCodes,dataset,True,1.7318,0.6133,https://internal.chattadata.org/api/views/vfqp-r2uu/rows.csv?accessType=DOWNLOAD
9baa-8sa6,Parks,dataset,True,0.1333,0.0503,https://internal.chattadata.org/api/views/9baa-8sa6/rows.csv?accessType=DOWNLOAD
t8ph-y8y5,Asset Inventory,dataset,True,0.7963,0.1091,https://internal.chattadata.org/api/views/t8ph-y8y5/rows.csv?accessType=DOWNLOAD
vyb8-ms2y,Test -- Sales Tax -- Test,dataset,True,0.0087,0.0013,https://www.chattadata.org/api/views/vyb8-ms2y/rows.csv?accessType=DOWNLOAD
axgr-jsxx,Test Export,filter,True,7.1353,1.3176,https://www.chattadata.org/api/views/axgr-jsxx/rows.csv?accessType=DOWNLOAD
vums-3rw8,Fire Assist Other Agencies,filter,True,12.6593,2.5446,https://www.chattadata.org/api/views/vums-3rw8/rows.csv?accessType=DOWNLOAD
r78n-ntkm,New Cases Per 1k - Past 7 Calendar Days,filter,True,0.1678,0.0475,https://www.chattadata.org/api/views/r78n-ntkm/rows.csv?accessType=DOWNLOAD
y9az-rpms,New Cases - Past 7 Calendar Days,filter,True,0.1678,0.0472,https://www.chattadata.org/api/views/y9az-rpms/rows.csv?accessType=DOWNLOAD
kpvf-upum,Cases Per 1k,filter,True,0.1679,0.0475,https://www.chattadata.org/api/views/kpvf-upum/rows.csv?accessType=DOWNLOAD
6iwt-jsdv,Total Cases,filter,True,0.1678,0.0472,https://www.chattadata.org/api/views/6iwt-jsdv/rows.csv?accessType=DOWNLOAD
b5bi-svwj,Hamilton County Cases by Zip Code,dataset,True,87.5456,21.4679,https://www.chattadata.org/api/views/b5bi-svwj/rows.csv?accessType=DOWNLOAD
duee-pv6k,Fire Station,dataset,True,0.0027,0.0012,https://www.chattadata.org/api/views/duee-pv6k/rows.csv?accessType=DOWNLOAD
nrfa-5knw,City Council Spatial Lens,dataset,True,1.6655,0.6215,https://www.chattadata.org/api/views/nrfa-5knw/rows.csv?accessType=DOWNLOAD
qh6n-rfcg,HP Porch Hop,dataset,True,0.0018,0.001,https://www.chattadata.org/api/views/qh6n-rfcg/rows.csv?accessType=DOWNLOAD
nrzn-cbt6,2017 Block Group Population by Age,dataset,True,2.1484,0.5563,https://www.chattadata.org/api/views/nrzn-cbt6/rows.csv?accessType=DOWNLOAD
he9k-mwar,Chattanooga City Limits,dataset,True,0.9736,0.3593,https://www.chattadata.org/api/views/he9k-mwar/rows.csv?accessType=DOWNLOAD
qav3-596a,2017 Tract Population by Age,dataset,True,0.1229,0.0346,https://www.chattadata.org/api/views/qav3-596a/rows.csv?accessType=DOWNLOAD
4wsq-dzxg,District Map for Capital Project Explorer,dataset,True,1.6654,0.6213,https://www.chattadata.org/api/views/4wsq-dzxg/rows.csv?accessType=DOWNLOAD
m2c6-s837,Small Business Administration Loans,dataset,True,0.267,0.0597,https://www.chattadata.org/api/views/m2c6-s837/rows.csv?accessType=DOWNLOAD
q7mb-natz,Chattanooga Marathon 5K Route 2019,dataset,True,0.0131,0.0046,https://www.chattadata.org/api/views/q7mb-natz/rows.csv?accessType=DOWNLOAD
4k6b-kqum,Chattanooga Half Marathon Route 2019,dataset,True,0.0674,0.0239,https://www.chattadata.org/api/views/4k6b-kqum/rows.csv?accessType=DOWNLOAD
k22d-48jk,Chattanooga Marathon Route 2019,dataset,True,0.0764,0.0265,https://www.chattadata.org/api/views/k22d-48jk/rows.csv?accessType=DOWNLOAD
kcrp-xmaw,Chattanooga 5K,dataset,True,0.2043,0.0641,https://www.chattadata.org/api/views/kcrp-xmaw/rows.csv?accessType=DOWNLOAD
4cv2-tegk,Chattanooga Half Marathon,dataset,True,0.9811,0.3355,https://www.chattadata.org/api/views/4cv2-tegk/rows.csv?accessType=DOWNLOAD
tvec-ukpp,Chattanooga Marathon,dataset,True,0.3722,0.1286,https://www.chattadata.org/api/views/tvec-ukpp/rows.csv?accessType=DOWNLOAD
4sa6-ihk9,Vehicle Incidents - Historical,dataset,True,24.296,3.3077,https://www.chattadata.org/api/views/4sa6-ihk9/rows.csv?accessType=DOWNLOAD
ww2h-472w,TN Building Footprints,dataset,False,418.044,101.9403,https://www.chattadata.org/api/views/ww2h-472w/rows.csv?accessType=DOWNLOAD
9zkx-gc9x,Recreational and YFD Facility Locations,dataset,True,0.0234,0.0081,https://www.chattadata.org/api/views/9zkx-gc9x/rows.csv?accessType=DOWNLOAD
te5f-sbfh,Parking Meters,dataset,True,0.2156,0.0202,https://www.chattadata.org/api/views/te5f-sbfh/rows.csv?accessType=DOWNLOAD
mrwr-msn4,Combined Community Survey Numerical Results,dataset,True,4.9092,0.5599,https://www.chattadata.org/api/views/mrwr-msn4/rows.csv?accessType=DOWNLOAD
x5d3-4cfd,Combined Community Survey Raw Results,dataset,True,9.5073,0.7141,https://www.chattadata.org/api/views/x5d3-4cfd/rows.csv?accessType=DOWNLOAD
xewn-4b8f,NoogaNet Locations,dataset,True,0.0037,0.0015,https://www.chattadata.org/api/views/xewn-4b8f/rows.csv?accessType=DOWNLOAD
gp4a-imgi,u977-st5r,dataset,True,1.2546,0.4423,https://www.chattadata.org/api/views/gp4a-imgi/rows.csv?accessType=DOWNLOAD
2jvg-m7gv,9htj-c2dm,dataset,True,62.034,21.4834,https://www.chattadata.org/api/views/2jvg-m7gv/rows.csv?accessType=DOWNLOAD
8ak8-s59r,jbhd-xs43,dataset,True,0.9983,0.367,https://www.chattadata.org/api/views/8ak8-s59r/rows.csv?accessType=DOWNLOAD
y64g-9c8u,9h8u-qx5r,dataset,True,9.0708,3.3075,https://www.chattadata.org/api/views/y64g-9c8u/rows.csv?accessType=DOWNLOAD
7c8u-4twi,Public School,dataset,True,0.0085,0.0033,https://www.chattadata.org/api/views/7c8u-4twi/rows.csv?accessType=DOWNLOAD
4djm-bjav,Art in Public Places,dataset,True,0.0386,0.0094,https://www.chattadata.org/api/views/4djm-bjav/rows.csv?accessType=DOWNLOAD
3ed2-x7kt,xagr-awup,dataset,True,0.0111,0.0034,https://www.chattadata.org/api/views/3ed2-x7kt/rows.csv?accessType=DOWNLOAD
c6he-bpas,City Comparison Data,dataset,True,0.9467,0.1177,https://www.chattadata.org/api/views/c6he-bpas/rows.csv?accessType=DOWNLOAD
qsec-7gi8,Downtown Parking Information,dataset,True,0.0155,0.0045,https://www.chattadata.org/api/views/qsec-7gi8/rows.csv?accessType=DOWNLOAD
mcng-w7w5,Census Demographics,dataset,True,0.0026,0.0006,https://www.chattadata.org/api/views/mcng-w7w5/rows.csv?accessType=DOWNLOAD
4gat-rdif,layer_0,dataset,True,1.9047,0.639,https://www.chattadata.org/api/views/4gat-rdif/rows.csv?accessType=DOWNLOAD
g4gz-eys3,Community Survey Results - City Services Ranking,dataset,True,0.0005,0.0005,https://www.chattadata.org/api/views/g4gz-eys3/rows.csv?accessType=DOWNLOAD
ere3-r58x,Community Survey Summary Results - 2012 to 2018,dataset,True,0.0021,0.001,https://www.chattadata.org/api/views/ere3-r58x/rows.csv?accessType=DOWNLOAD
hirg-kgph,Innovation District Boundary,dataset,True,0.0103,0.0042,https://www.chattadata.org/api/views/hirg-kgph/rows.csv?accessType=DOWNLOAD
idez-94k7,High Performing Government,dataset,True,0.0016,0.0007,https://www.chattadata.org/api/views/idez-94k7/rows.csv?accessType=DOWNLOAD
aqam-5cqf,Smarter Students Stronger Families,dataset,True,0.0032,0.0013,https://www.chattadata.org/api/views/aqam-5cqf/rows.csv?accessType=DOWNLOAD
hih9-dcpk,Stronger Neighborhoods,dataset,True,0.006,0.0028,https://www.chattadata.org/api/views/hih9-dcpk/rows.csv?accessType=DOWNLOAD
9d8e-4qyi,Safer Streets,dataset,True,0.0062,0.0023,https://www.chattadata.org/api/views/9d8e-4qyi/rows.csv?accessType=DOWNLOAD
pisu-n478,6bdc-2tyi,dataset,True,10.6437,3.838,https://www.chattadata.org/api/views/pisu-n478/rows.csv?accessType=DOWNLOAD
bgjf-i78w,gi2p-xqhx,dataset,True,24.7601,8.5183,https://www.chattadata.org/api/views/bgjf-i78w/rows.csv?accessType=DOWNLOAD
wuph-stbt,City of Chattanooga Data Inventory,dataset,True,0.0564,0.014,https://www.chattadata.org/api/views/wuph-stbt/rows.csv?accessType=DOWNLOAD
s8pp-ah5n,Spending by the City of Chattanooga,dataset,True,113.6123,23.0928,https://www.chattadata.org/api/views/s8pp-ah5n/rows.csv?accessType=DOWNLOAD
e968-fnk9,Service Requests,dataset,False,389.1125,78.6365,https://www.chattadata.org/api/views/e968-fnk9/rows.csv?accessType=DOWNLOAD
h73e-vs8n,Open Data Automated Job Log,filter,True,2.5836,0.4855,https://www.chattadata.org/api/views/h73e-vs8n/rows.csv?accessType=DOWNLOAD
rz29-uyu4,Address Data,dataset,True,21.9166,6.5889,https://www.chattadata.org/api/views/rz29-uyu4/rows.csv?accessType=DOWNLOAD
pr4n-wt8t,All Permit Contractors Information,dataset,True,9.9874,2.196,https://www.chattadata.org/api/views/pr4n-wt8t/rows.csv?accessType=DOWNLOAD
6tnv-v5ia,Chattanooga: Capital Budget,dataset,True,0.0879,0.0137,https://www.chattadata.org/api/views/6tnv-v5ia/rows.csv?accessType=DOWNLOAD
4xcm-j4rx,Chattanooga: Operating Budget,dataset,True,6.4027,0.5241,https://www.chattadata.org/api/views/4xcm-j4rx/rows.csv?accessType=DOWNLOAD
jjj2-5798,Chattanooga: BFO Data,dataset,True,3.8077,0.3169,https://www.chattadata.org/api/views/jjj2-5798/rows.csv?accessType=DOWNLOAD
wkra-6q22,Chattanooga: Capital Project List,dataset,True,0.2836,0.0905,https://www.chattadata.org/api/views/wkra-6q22/rows.csv?accessType=DOWNLOAD
xkyc-at3u,Chattanooga: Project Phase List,dataset,True,0.0009,0.0006,https://www.chattadata.org/api/views/xkyc-at3u/rows.csv?accessType=DOWNLOAD
nkyi-3pzf,PILOT Agreements,dataset,True,0.025,0.0077,https://www.chattadata.org/api/views/nkyi-3pzf/rows.csv?accessType=DOWNLOAD
hy6d-xcyb,Hamilton County E911 Active Calls,dataset,True,63.9762,14.6034,https://www.chattadata.org/api/views/hy6d-xcyb/rows.csv?accessType=DOWNLOAD
krpq-4iht,Hamilton County Property Appraisal Information,dataset,True,52.5663,19.5357,https://www.chattadata.org/api/views/krpq-4iht/rows.csv?accessType=DOWNLOAD
sp42-d42z,Bicycle Parking Locations in the City of Chattanooga,dataset,True,0.0105,0.0041,https://www.chattadata.org/api/views/sp42-d42z/rows.csv?accessType=DOWNLOAD
ycd7-6v83,Directory of Workforce Recruiting and Training Resources,dataset,True,0.0146,0.0059,https://www.chattadata.org/api/views/ycd7-6v83/rows.csv?accessType=DOWNLOAD
ck3t-d3ga,CARTA_Stops,dataset,True,0.0333,0.0071,https://www.chattadata.org/api/views/ck3t-d3ga/rows.csv?accessType=DOWNLOAD
fsru-74f5,CARTA_Routes,dataset,True,0.7389,0.1091,https://www.chattadata.org/api/views/fsru-74f5/rows.csv?accessType=DOWNLOAD
qpju-4723,Bike Chattanooga Subscribers,dataset,True,0.2391,0.0358,https://www.chattadata.org/api/views/qpju-4723/rows.csv?accessType=DOWNLOAD
wpxs-vmht,Ptax Property Data 5 Yr,dataset,True,102.763,17.6196,https://www.chattadata.org/api/views/wpxs-vmht/rows.csv?accessType=DOWNLOAD
22fj-9uch,Chattanooga Website Analytics,dataset,True,1.1545,0.1868,https://www.chattadata.org/api/views/22fj-9uch/rows.csv?accessType=DOWNLOAD
